CustomerID,Age,AnnualIncome,OrdersPerMonth,AvgOrderValue,CategoriesCount,DiscountRate,ReturnRate,DaysSinceLastPurchase,Segment
1,22,871837.5150480873,4.510184080268074,1428.2004395228319,3,0.3370913580377996,0.1434691166111645,45,Regular
2,58,767022.2491829157,4.164939801588912,2082.6817760399576,8,0.4318695210129277,0.16346775094668514,56,PriceSensitive
3,52,671374.2118299019,6.293183720415302,1479.9285917011653,8,0.30536049105081253,0.17260760147494186,69,Regular
4,40,892660.5782439124,3.253805973360747,1553.0170066702744,6,0.5442517961457051,0.25325967285788376,23,PriceSensitive
5,40,362247.3891354298,1.0957732495201835,2617.585583882005,10,0.25158059275668615,0.37070775659559735,127,Regular
6,62,472049.6934500504,5.4251052338205685,1175.6483684925402,2,0.3882430788859951,0.37311184786279306,99,Regular
7,22,414684.811718895,2.950760682851809,352.33180144230596,3,0.20541745998003247,0.15659679181226538,149,Regular
8,54,522038.0393688464,3.6294565332116395,2766.5621970071365,3,0.2448940009386078,0.13170498383910784,127,Regular
9,28,324662.77048873826,5.071460821832632,3329.596771564202,2,0.2640300649401314,0.18041860007410204,27,Regular
10,22,727030.1893628809,1.5772885507292898,1556.8384407304009,4,0.07548421098737114,0.22717369217139705,13,Regular
11,45,555555.4605802454,1.9980233430726326,637.8971756278888,4,0.05503420743540401,0.18472716457989932,76,Regular
12,68,305838.74109946843,1.5784664754573756,1613.7096142824337,9,0.40049395388805475,0.2635013639266804,87,PriceSensitive
13,56,396884.18375849165,2.5470364519694915,1628.2662300955985,4,0.39331064300583135,0.22175960935190547,44,Regular
14,57,662702.7694900391,4.027563927220392,1686.0456953866458,10,0.39774582852605717,0.12828621867763043,141,Regular
15,55,767625.3135788762,4.129025411375325,1131.9671748468909,9,0.011859867205615004,0.13829232230505303,105,Regular
16,58,999346.1783383572,3.8315290151942643,2147.7366854858865,10,0.19592810560306795,0.15143711502389237,134,HighValue
17,44,1182772.4932014658,1.8046809393291603,2114.7044251716516,2,0.11868590835551815,0.03785590729975548,20,HighValue
18,24,682881.8866551993,0.727875876040827,903.3566281084161,11,0.4668908535264074,0.06642505296558925,146,PriceSensitive
19,61,402092.3759936272,3.565224302468459,2219.5180390169326,7,0.516378240837678,0.28924552085815447,37,PriceSensitive
20,41,173590.74385373818,2.933868759633997,3031.6109891675346,11,0.1480082263356884,0.155638684608832,81,Regular
21,44,653542.2924687671,4.051262926059934,1903.176199462236,4,0.4007094953087918,0.08581558902405746,79,PriceSensitive
22,37,437411.78093793476,4.342344351465524,1597.6049027588963,11,0.07761768207496467,0.22506896422994294,147,Regular
23,27,516928.54796406295,3.6658897184704182,1714.7980713554873,7,0.16509151536102798,0.30221581698937094,50,Regular
24,66,477580.6401880384,4.412159702451024,2169.1540601811366,1,0.08319269774005171,0.10296894493814857,44,Regular
25,58,571841.822716723,3.775053648938082,761.597036695669,5,0.17011245995953753,0.33071595276949783,61,Regular
26,51,813196.0461575286,4.13607764672176,1898.6344217863814,2,0.40484192840956673,0.37100194385001983,65,PriceSensitive
27,38,631409.7134890689,2.6543920845561413,1565.721630322314,11,0.5461961461111514,0.2389578116295363,33,PriceSensitive
28,60,568273.0325922624,3.2844663034022497,2908.6950077736274,4,0.12151344475451158,0.26757906359663186,32,Regular
29,46,392869.24943483766,3.7361313159883487,1695.4963597170254,3,0.3252474209704315,0.021030396129222154,42,Regular
30,41,265063.4110591286,4.484634170500902,2800.732566671712,7,0.42083466074605935,0.3782079564087626,84,PriceSensitive
31,41,502738.41818533384,3.0275105933305135,1137.7555813307956,5,0.5717534810913394,0.15699389370597752,62,PriceSensitive
32,29,589243.4898363359,4.125400706878535,2152.3555000816755,2,0.3660362897323043,0.36956016021817195,71,Regular
33,22,953585.9827159767,3.1809934497015453,1991.6401582747374,9,0.15306415861642841,0.23159100990009704,129,Regular
34,46,626054.9042945772,3.3589493992062436,1278.5716512811305,10,0.37528689414836175,0.001847519537331044,44,Regular
35,64,796547.9022046116,4.495422850428888,1906.4376687821643,9,0.1922946970068097,0.015416799729374287,163,Regular
36,21,500140.8802921696,1.108327554735013,2527.51130209896,7,0.5856770344150246,0.2721675222679688,135,PriceSensitive
37,62,363011.2467165951,1.944233206310287,1605.7249774280397,5,0.23980568109818212,0.22506720553277326,32,Regular
38,61,406976.64755352563,1.7213775230686152,784.8224104981421,6,0.41125663245660854,0.010612974882429738,57,PriceSensitive
39,32,454954.7870928494,0.6996606561820342,1789.4623041135324,6,0.013936549408055087,0.29738398448895415,33,Regular
40,50,1025693.9464870328,2.686082671813788,1258.5461431244926,2,0.2400368676808532,0.3408581348276727,49,Regular
41,26,435722.66415512277,4.399320679673289,1594.5954368016705,1,0.525064567993507,0.19856699297572333,66,PriceSensitive
42,57,767697.840747269,3.1581391203409104,1751.0473381889274,3,0.3661364666599475,0.186302976142902,24,Regular
43,54,419414.5643825947,3.7373480983302225,776.6086703906897,5,0.2663657318375858,0.002189243533850993,3,Regular
44,36,786314.6025748488,4.807060996052951,830.6049964075931,2,0.5615624996614356,0.31465988499743974,79,PriceSensitive
45,21,676990.1932211727,5.09322335872123,2089.2401013153153,2,0.5123906256883375,0.13228642669844218,126,PriceSensitive
46,68,568672.420468382,3.4170344783286324,1486.3687822981917,10,0.19332940429376294,0.35150544791301586,55,Regular
47,41,591847.4947729132,5.124303067483277,261.15339490765973,5,0.32672904122480373,0.1492242350232212,155,Regular
48,64,469042.46091412194,3.610551990120931,2270.906421964881,7,0.2938945536554776,0.22603116425228223,67,Regular
49,53,689214.4402964162,2.4951221314070455,1963.4218531645438,6,0.3793215000689174,0.10813671527973101,162,Regular
50,58,509003.303931844,2.786719577361518,1371.6751055781097,9,0.20046676017525336,0.06423532503396748,43,Regular
51,57,354878.8472465504,1.7233561849219805,1009.901873365055,9,0.14652300045953295,0.3099631613525312,97,Regular
52,28,344412.4851360761,2.434239375519617,2301.484737788602,4,0.5476031011533217,0.19863619153851264,137,PriceSensitive
53,36,634517.5835444239,3.070379974310685,2009.6103735362578,10,0.5543246996991038,0.2145951695009003,11,PriceSensitive
54,42,915818.2512820871,4.464302023254322,3229.5613696104438,5,0.5059937314571874,0.3861663813926942,167,HighValue
55,43,631998.3227146877,5.56492379739918,2052.1131592349625,10,0.5869226584587368,0.3854319648888615,66,PriceSensitive
56,20,576272.3347780235,1.841382181547552,2032.6218847572088,5,0.4469949154678131,0.3422568486809614,90,PriceSensitive
57,46,657165.2279205086,3.971392961911903,1699.843241934861,2,0.45880033713719975,0.07504371710601343,113,PriceSensitive
58,26,861200.348341365,2.2513472730109587,2290.0655203204747,9,0.4575540551775844,0.237709077720632,116,HighValue
59,56,643876.5002727712,4.069636506155843,2175.051120748892,1,0.2883645785653839,0.351258969862215,5,Regular
60,53,517814.5538332526,3.342696019174728,2551.035005139117,9,0.27387131670856296,0.1497855745795751,156,Regular
61,65,821257.7420119778,1.3029130089829635,1487.206248817629,1,0.1441357656894019,0.04044246637423399,112,Regular
62,56,685751.2876923227,4.613956389882182,1538.7555162336225,3,0.38689151661557425,0.32438516089596875,179,Regular
63,37,907151.1983991985,2.773999144629523,1512.538097452812,7,0.17359208166140072,0.19270542054486867,85,Regular
64,68,636646.8874443813,2.8593197139517343,2274.4810327073938,11,0.15468504582141265,0.22575707214367144,110,Regular
65,39,355106.19365589996,2.216297106452372,2699.024664178039,5,0.35157682445763283,0.3928577185271378,79,Regular
66,34,326368.160150867,2.7148600679749335,1524.6957041104197,2,0.2459894329350259,0.24288457219762885,160,Regular
67,65,930185.5864462499,4.013468528833901,1545.1357633241453,3,0.13131396527677933,0.16999175426644056,149,Regular
68,37,944733.1441566595,3.272906790876313,1988.4463343218795,10,0.48963361005169864,0.1479937471388791,163,PriceSensitive
69,21,564096.1573434799,3.8943944027389774,1652.5430999922592,8,0.5163419515766255,0.16704771706161825,91,PriceSensitive
70,42,523362.5357728024,3.9343062247146126,2371.232191883934,2,0.10061971180666858,0.047359633271467506,142,Regular
71,59,892288.8584484404,5.0847939866338,448.9336256285719,5,0.004504219679999921,0.3179002233670287,65,Regular
72,27,378590.8635913024,3.088656618962745,1303.9769718498633,3,0.20167798111762422,0.33508674327481647,83,Regular
73,42,421054.59620883473,1.727770619785122,1330.5501996231326,2,0.4785065014084515,0.11375885382936356,137,PriceSensitive
74,24,728665.3589378089,4.78066689988638,407.786392568313,10,0.5035043197405946,0.12151864736397765,15,PriceSensitive
75,53,521078.97542808205,3.1022141934832943,1221.8169333787175,7,0.08299744206962953,0.34973370253392533,128,Regular
76,42,598975.6266559857,4.837510933492853,1250.9063304924443,2,0.4646015407098307,0.009588142211182184,3,PriceSensitive
77,35,567311.4202950975,3.9600525358189644,1679.3372072887018,8,0.06942250038565767,0.20818297750689108,104,Regular
78,29,667514.9097597867,3.342634963755986,2467.779534996158,5,0.23403755409391752,0.18547028587260042,86,Regular
79,47,881496.3722627433,3.9185310728555542,1652.9636092855785,1,0.5991657090071495,0.2760507078313839,84,PriceSensitive
80,52,618116.9813803491,5.841215072151559,1181.5117678373076,5,0.11555449393854589,0.06535668005978179,89,Regular
81,66,728787.7586553716,5.992376634864504,1765.8272752718826,3,0.09237814954657586,0.2673322963180615,89,Regular
82,40,189965.57979379548,3.583257362159334,2429.50417286481,3,0.2536801995280761,0.1506936031499506,73,Regular
83,26,590256.3196139764,3.69222871198049,1214.4247103310572,10,0.37180111558191686,0.24748591126785682,81,Regular
84,61,431353.94594142574,4.791488188959662,1253.6550696471309,8,0.559740469447952,0.01603800394911037,102,PriceSensitive
85,50,356237.38791527436,2.4852067606791834,2135.1293755645343,2,0.5884926873198205,0.18469087887380375,137,PriceSensitive
86,54,424369.52661424986,3.8996844471419063,1667.0783305615196,10,0.04178438195483678,0.20890035759294887,99,Regular
87,23,533175.3118598376,3.4689645824553725,2188.4908144256847,7,0.0827985104087432,0.08573056114199465,116,Regular
88,34,783180.5084712026,3.876689853749064,1791.8119249228218,10,0.4744427843375963,0.05584946167164828,150,PriceSensitive
89,57,334721.4564520872,2.499957432860713,2220.9981888537404,9,0.16237929136251628,0.07538972120492056,178,Regular
90,61,606126.2985188835,1.5925190080292373,1178.9531315756153,4,0.5309094357038163,0.13765643122533922,20,PriceSensitive
91,40,503166.1133332843,1.01241987681045,1792.7492095270395,6,0.39807195433745207,0.038724059721988585,128,Regular
92,59,534465.3811276078,2.1591390644124706,1673.585991382106,6,0.0671068814284063,0.3789279182918418,41,Regular
93,61,800551.5650609208,2.9495896580728003,1070.4654455375216,8,0.49951757095440424,0.16199762459832692,36,PriceSensitive
94,38,707623.0874007852,3.148170096021486,861.913231278787,3,0.10581382800484551,0.3235878410026996,142,Regular
95,64,867479.6214885488,5.824677394915421,2211.449421164797,4,0.2540972368077923,0.38976684924353866,13,HighValue
96,32,569098.86415002,4.827192043888758,1589.428570669213,3,0.331310957135598,0.032294112001095644,152,Regular
97,30,460811.4776658594,2.3454906603900474,1186.6318310116021,4,0.300459689448167,0.26066778717399763,138,Regular
98,53,555228.2366239001,3.9172501429411484,1742.2926378460006,2,0.41169774936909026,0.3485636346964856,179,PriceSensitive
99,51,648499.3582542443,3.0115061163796097,2476.8113144095814,1,0.3916120409215531,0.2536937735866913,120,Regular
100,25,635314.6716907423,3.158763394351886,431.5572927768462,11,0.5952252033168329,0.1716104485429651,157,PriceSensitive
101,61,383122.3855533267,3.7223907792984585,902.0167860580042,1,0.5996531455345127,0.17243054305517533,22,PriceSensitive
102,28,618097.9563255749,4.2430053403704715,1246.2681348628394,10,0.30987564158138453,0.014359554402943564,160,Regular
103,59,645645.6660277811,3.0928898193391814,2676.7073200321975,1,0.05711945217651839,0.21384030051571012,29,Regular
104,18,1103494.807506784,4.77662183928123,1969.552189751578,9,0.436705979381231,0.397417198714739,57,PriceSensitive
105,59,975368.922256334,2.129674128629115,2260.390344276736,4,0.5859984469299535,0.38348301038877364,23,HighValue
106,58,429351.329888236,3.507606874834722,1115.9034485242616,6,0.19099583257741218,0.016159691536865275,72,Regular
107,58,542523.3276901648,6.617208471914999,1128.2784748376844,4,0.27672533150254425,0.2823188014517953,135,Regular
108,52,307311.5996325994,3.76769569115033,2068.6882300336265,6,0.25486615488927356,0.12070594667877232,48,Regular
109,42,481858.5972073027,5.219857407927408,1834.9645985612678,5,0.030851492734157614,0.36119566136245473,148,Regular
110,54,663121.0007180681,3.60982421380785,2129.2432913184757,6,0.4033586587340669,0.018045898283711417,109,PriceSensitive
111,32,841170.7241776467,4.196932514395756,1687.3974054429286,5,0.21200261704108067,0.3743496408044322,113,Regular
112,58,454183.2324512783,3.4318601667287703,1966.886235872776,6,0.47247832477890134,0.3349902975151108,169,PriceSensitive
113,46,469170.7119864407,3.2955109026029548,1894.8714509430656,10,0.4992720451691916,0.04700175290104061,78,PriceSensitive
114,41,170542.19405226904,2.5646211239294967,2266.660433450955,5,0.49273847195870724,0.023929734926919678,62,PriceSensitive
115,44,567466.8158910185,4.0163616307490635,2284.2049691666825,4,0.24999959882392808,0.33388306573077436,179,Regular
116,47,387517.1176280874,2.4781553729770787,828.0768033649381,2,0.1929274093445397,0.06230306838983175,100,Regular
117,19,494112.11452678527,4.298702283576115,451.6388667954866,4,0.4492924678002329,0.21395926119034822,111,PriceSensitive
118,25,424627.84436648234,4.802344405335091,2401.0472385909043,2,0.4808336603056338,0.36629794315148384,54,PriceSensitive
119,30,581147.4891494886,3.9398376886846758,2512.635055957162,3,0.2947544678348197,0.22697924541972936,39,Regular
120,23,248454.32172867376,3.15650151973317,1187.6261882919976,11,0.5358186117217818,0.15889332058912964,31,PriceSensitive
121,40,306590.9509218019,4.044758695170435,684.0987560726228,1,0.08634521764713496,0.17800642194159688,41,Regular
122,52,1025849.4224056597,3.1295923333443048,1859.4208926043204,6,0.527441267795376,0.02524686828154841,35,PriceSensitive
123,52,342515.4837451938,4.62265655055818,2358.5029358103175,10,0.05765713978312876,0.3875009285446396,134,Regular
124,42,380642.88430907205,1.3023126989418516,2878.556713460589,11,0.09211531323276834,0.12426167403243311,11,Regular
125,62,967382.7056642629,3.0972711582576244,2109.7785432608707,2,0.3203040079643762,0.07574539666914154,113,HighValue
126,47,1181013.4338480814,1.1110256058512027,1576.969982048583,2,0.04051108811244901,0.11441892073615811,170,Regular
127,22,365686.6742349317,1.705927003727354,1264.1216270490822,5,0.03168426084006621,0.3857492779565916,138,Regular
128,57,526350.2086423939,5.136634675776691,1806.8707750023927,7,0.00031124649942331216,0.037714421395202806,73,Regular
129,47,668311.1101881019,4.574221978366023,1620.4411776688462,11,0.2617899958165579,0.34692121620047256,11,Regular
130,51,945739.5288811184,2.6366237200582514,1190.9592565627104,3,0.46477432877533786,0.28313755776057914,150,PriceSensitive
131,47,402628.5843143525,1.6969958527509237,3029.253390517972,2,0.020903010167949397,0.3320076716636113,1,Regular
132,46,550944.4308115781,0.1,2871.101041243279,3,0.39135456387951323,0.39035901614715857,122,Regular
133,22,755467.5152123488,2.8478053904808385,2481.629210133257,10,0.4938763904497119,0.33686186220674874,121,PriceSensitive
134,47,686953.2148933237,6.404498014696882,1247.4897613145235,1,0.10080050914672267,0.37735294051114115,35,Regular
135,59,524768.7857539802,4.021861125756377,2313.0115945783673,5,0.08811824089284255,0.05077410271636791,133,Regular
136,33,573235.4070967918,2.828513256740613,2183.7758456987413,2,0.5164805841723217,0.31831542606678803,32,PriceSensitive
137,49,325020.83832600364,4.058096251400367,2065.5273745224317,2,0.4938747659700568,0.21827027763241913,41,PriceSensitive
138,19,552365.2512050669,1.6268499764066686,2549.7991602262664,11,0.3233650597585121,0.21739823803194427,146,Regular
139,36,546722.5019982089,3.1432119647628376,2181.2226857167666,1,0.4915199275763882,0.3595686305282055,176,PriceSensitive
140,40,646433.9779252512,3.619372967618886,2244.0085417826012,4,0.05565364645469686,0.38872152745868455,48,Regular
141,69,488934.5562361968,3.3966792178147416,2182.143770023326,11,0.23668891076325263,0.2819353292172724,165,Regular
142,29,694307.7045090278,4.4489673460280965,2004.4748448012635,7,0.4426785336638237,0.1931753557887136,164,PriceSensitive
143,32,802543.1635639657,3.9135742714832626,729.83332217149,1,0.154471175594378,0.18256154316073814,138,Regular
144,39,631085.8655336932,4.301991221729597,1850.1726464463343,6,0.45139734866013165,0.15453658288927274,26,PriceSensitive
145,69,670351.2816798408,2.6739532613230885,1466.2848246905248,11,0.3025071626344883,0.14463961182906507,54,Regular
146,62,610631.0695155734,4.5773784900926575,1032.0954254159878,5,0.4501595927689398,0.15660273667377256,122,PriceSensitive
147,19,600016.8786182828,5.4547243371487895,2809.0899715804944,6,0.2788077827143977,0.03590129410047811,179,Regular
148,30,455688.39329143055,2.335820576418305,2837.397204531422,6,0.22074260413309058,0.03097443410417529,146,Regular
149,60,663298.8523346616,2.434765213142528,2615.532360177367,8,0.13151352988717938,0.3119479375489247,76,Regular
150,21,580542.6803173021,5.10294120358428,1953.1280501135248,3,0.125027604861009,0.17842915716809046,43,Regular
151,62,1018633.661786119,3.2703872159659277,2610.375072571594,10,0.4508944863428376,0.3722737954178482,172,HighValue
152,32,914670.9804950485,5.184585670479868,1807.2319083610953,11,0.0713462088203763,0.244888403437581,50,Regular
153,65,677169.3105113001,2.9689571457293793,1921.6783661386676,2,0.051589410066567074,0.014070392873767901,62,Regular
154,33,447388.5580610465,5.246054691524853,1143.9171777228103,10,0.10577481901327809,0.0630093365269918,173,Regular
155,40,377517.7056033164,3.6577829801665427,2038.194782699304,9,0.10520790687235312,0.08232791720520304,101,Regular
156,52,838228.590617773,3.809874587987234,1836.2315570546502,9,0.49386457368413983,0.39029440975586427,48,PriceSensitive
157,24,652549.8450294277,5.377661626003885,1018.4087298993213,5,0.23910397408452744,0.08748169046065396,1,Regular
158,46,696028.6806783222,3.0658754270669943,1769.281732910042,6,0.5942330744162895,0.20630227051522054,77,PriceSensitive
159,44,251082.80260516144,2.37065348489005,1752.162261685915,10,0.08232675467436743,0.3744707726560785,177,Regular
160,58,785487.6963116361,2.9617229503659748,2878.536699986784,2,0.392123895416186,0.39087709196574294,78,Regular
161,69,690884.0676428726,4.042800740771766,2336.527997108046,10,0.26923770432075034,0.09454417415341783,126,Regular
162,52,377913.8631171044,1.621089113383383,1806.8672634548795,11,0.23575090601824436,0.019647057500016052,46,Regular
163,39,505695.0385100102,4.2649650831813455,1949.2723858806498,8,0.5250505194324494,0.0614407330151034,139,PriceSensitive
164,39,652743.4408713039,2.853474418858708,1826.5274268625187,4,0.5853573874970398,0.025331391481023237,139,PriceSensitive
165,39,610493.3596712487,4.877375192880276,1678.2516091226714,7,0.5237153752645072,0.07804969643693456,109,PriceSensitive
166,60,541565.762839289,0.6268876341194343,1150.5436815670278,1,0.11538040742107981,0.22742788588149418,139,Regular
167,34,579302.3463868079,2.5561210698749974,1709.3688734358425,11,0.13247875272536042,0.3649795185182567,104,Regular
168,26,549604.524358623,1.4762382185190779,1352.341046008492,4,0.393644327457038,0.21488755347773603,68,Regular
169,35,630512.5024204938,2.508524640363257,1049.8106766461121,1,0.17345014898291503,0.2503958226796323,133,Regular
170,19,894298.3945986314,3.797199081330732,2106.7330887285207,9,0.4408350784683479,0.08074690064381645,150,HighValue
171,23,150000.0,3.284928049460294,2034.758795959941,8,0.3398523904857868,0.3202334482695401,151,Regular
172,22,552629.9470980632,3.1959469172623822,727.9754931791533,7,0.33054526109424176,0.24711556340223328,39,Regular
173,58,635302.4842744893,3.308978154343927,1726.3892175029237,1,0.49712815490327145,0.34565473167708993,122,PriceSensitive
174,55,659198.7979374198,3.744065888743932,2397.420831539954,9,0.4263196630456067,0.37953724280231366,1,PriceSensitive
175,54,525617.083735742,2.2897567496682707,2435.5342433377928,8,0.015946658998375017,0.13916031030263692,103,Regular
176,42,248655.6435042835,4.348219569078861,2415.5021057311433,9,0.02967548228760941,0.03623162341417574,103,Regular
177,55,665599.096742822,4.295199164462581,1823.3479241408759,10,0.3609350714736094,0.090371583166713,66,Regular
178,26,945470.042832837,3.962045525187321,1292.9728032185094,3,0.2917152453733653,0.17513662627033488,178,Regular
179,64,293227.71901677246,4.167840131301515,1149.7807035851638,3,0.15611079320579482,0.37827746072978935,159,Regular
180,44,772765.6027396377,3.8557016009703915,2006.7629428502146,11,0.251193652388881,0.1513239289493661,7,Regular
181,66,534294.9553754212,5.942087963277281,2027.5680206190978,6,0.45474619123971627,0.308309285466148,38,PriceSensitive
182,25,587735.1308342306,3.3954869947369883,2572.3986669630394,5,0.495966890794758,0.216190676868302,38,PriceSensitive
183,43,389420.2978592102,3.1315001379985077,2459.9877902052503,4,0.3367338407340265,0.07312350817239062,161,Regular
184,54,533108.7655288246,2.5957669035711466,1720.6628060812968,8,0.23122168851426178,0.12829364758138065,93,Regular
185,43,860008.9189397917,2.2612847953065955,1053.4764726834783,9,0.1624180568970642,0.2612767540091275,131,Regular
186,41,716531.0483975414,2.00663385487871,1608.5360417934612,1,0.31315108246155204,0.2691413578739574,145,Regular
187,26,946462.3210819887,2.4334432241228976,1930.3387168863148,7,0.18884977113862858,0.17390389872361847,138,Regular
188,37,835482.3777955387,3.4151835420175143,1678.7500527663576,11,0.33845708222833376,0.09145824106484586,16,Regular
189,30,687817.3357859153,3.901154154197257,1453.2635351534066,4,0.4059914295057826,0.28876271180507057,26,PriceSensitive
190,33,948786.9052335585,3.5613704702625943,1951.7308889819394,4,0.0396475265516369,0.06754921664508591,71,Regular
191,53,687798.6317476598,2.5813576670843448,1497.6253551536338,10,0.0006404790136483429,0.3746678767460507,61,Regular
192,50,765597.6353594118,4.580221476823956,1423.1603497647757,1,0.12736628330444577,0.07516143161459068,134,Regular
193,49,540685.8092930584,4.387295206761137,1986.8717005820638,5,0.5367068986312686,0.04292494513300818,28,PriceSensitive
194,36,613309.163171841,3.3084220310935795,1558.804451922477,6,0.3877744579371355,0.19905908094615155,67,Regular
195,67,460515.2353399446,2.7165006264023455,1946.4626333870112,9,0.10317621116221372,0.20781983924387762,43,Regular
196,22,797916.7869189706,4.158113504995759,1963.9224137112735,2,0.5341583770941712,0.20327716591129794,34,PriceSensitive
197,35,364339.2753770269,3.7255683049833253,1116.342599345055,5,0.281973564172404,0.1746669957355358,31,Regular
198,24,756470.0684835323,1.762247288701943,1511.2553256807528,2,0.2856550540071964,0.39792595713184337,35,Regular
199,35,561869.7884989681,3.418423692818714,2662.6661639498775,9,0.561325166305593,0.19451224506823275,102,PriceSensitive
200,68,834249.4186934639,3.8144429744892574,1102.7522923594279,7,0.03569201531000401,0.1911786322959324,74,Regular
201,37,750173.797746252,2.4203662562146953,530.0073306176814,6,0.1291069647772311,0.16870642508582454,78,Regular
202,65,964129.2315293604,3.7278120714049314,682.8929080544931,5,0.35146279509283346,0.026730301880585162,86,Regular
203,43,746154.9382277289,1.7542130176906532,1817.4659679460015,2,0.11729190574920245,0.23718265245984643,133,Regular
204,54,285591.9488693519,5.103423320014605,1818.5503668196193,11,0.4077162055253747,0.09118710888927298,155,PriceSensitive
205,41,586609.3654203599,4.997539982071318,1729.4334867449274,8,0.1284553736020321,0.25504359209162,95,Regular
206,31,365598.5614810368,3.196979198836442,2528.513897357101,4,0.059494182359288605,0.020333384779390864,115,Regular
207,57,496344.03152674506,3.9361452054068877,200.0,5,0.12419109578450384,0.3925548405012007,133,Regular
208,68,902245.6866553443,0.6080936410401501,2037.5603246584942,8,0.2536404205632373,0.1876020316050689,124,HighValue
209,31,727506.7621795392,2.112382807681601,2736.862921082144,8,0.10568297950384793,0.35870214863627936,25,Regular
210,58,460213.9142842507,3.1474652958174443,1123.3315410649716,6,0.08081521495400838,0.19022446929317394,176,Regular
211,31,397256.5267119202,2.213440374287769,1572.116092926063,4,0.5161691317313645,0.024132327429688696,30,PriceSensitive
212,55,606556.4185752522,4.35727577915679,1348.2648496628274,8,0.19223832215838468,0.3288854184375228,74,Regular
213,59,356687.9701237745,5.896755836897593,1263.3923723534826,8,0.21645521191095216,0.2592734918668537,117,Regular
214,41,465771.9445206838,2.0880623366848376,1604.242796986176,7,0.03316224570073658,0.3127028190295781,73,Regular
215,56,662401.8943102488,2.495043915097769,2656.491170210703,1,0.21442177410123248,0.17126794540354934,44,Regular
216,32,831062.4072213392,3.7825380419719163,2902.4320052925123,6,0.1588843063929478,0.25517469769865797,166,HighValue
217,22,721752.2944448879,5.433339378199545,1598.4364649759113,7,0.3662910404050731,0.342491601518643,13,Regular
218,23,150000.0,2.0331508249521164,2943.0361284386818,11,0.123234178603444,0.252426177148755,45,Regular
219,41,660873.345806052,3.7988433467683302,1821.345886190775,6,0.5330192718377043,0.13906945393436132,178,PriceSensitive
220,64,614406.7146465156,5.68555862097573,2852.2146160206485,4,0.5577999725517331,0.26501183774647996,131,PriceSensitive
221,24,682778.0570745387,1.5178890221848793,1744.020810207905,7,0.05989863430607412,0.26874167544562694,16,Regular
222,41,923241.9363302414,1.9627169517850016,1878.6346956276866,2,0.06444177377314632,0.38423478500265,136,Regular
223,54,187352.34463905141,2.991672072246994,2019.2846835857008,1,0.06919586286659278,0.1483649286166677,174,Regular
224,28,481779.3149617789,2.875293904573507,3707.312207620521,8,0.3717415537861872,0.17003270700565248,18,Regular
225,55,718181.2645586709,4.475121545304374,2310.7713449068733,11,0.07318137852577374,0.3248491844748237,75,Regular
226,33,283681.12010921154,3.7899916637850057,1375.6412820291218,10,0.5114293907581597,0.2023049258970965,84,PriceSensitive
227,60,895189.8096107019,1.3700455284294462,2381.3987221655148,7,0.45256290896273543,0.29462923724629325,24,HighValue
228,48,673671.3225401316,4.118492483480973,1582.9004777493951,1,0.4918853149428144,0.18388378578143683,36,PriceSensitive
229,46,769316.7971686808,2.8069533351732194,1506.1498902592746,11,0.3156363161316125,0.08619805672508019,32,Regular
230,27,485811.2676956411,5.029336660329487,2345.160815935267,5,0.598006326911492,0.2980815371124043,34,PriceSensitive
231,42,762752.7379932421,2.7468949562756966,1818.6513526626916,4,0.026505061766496762,0.05246206767388398,73,Regular
232,62,813694.3111978077,2.736061660277317,1967.1455487070837,10,0.240758978511668,0.07943346541252323,84,Regular
233,19,646575.6040274337,4.1493579329654375,1808.3911331191755,9,0.1943620013625817,0.25072999311368344,43,Regular
234,57,646880.1785397392,4.415511778804324,2001.9498759632609,9,0.5691872992275846,0.2989079200768279,52,PriceSensitive
235,43,654068.6478563452,4.0377192367234445,2054.9795384616896,4,0.3461165750985557,0.357875154747126,35,Regular
236,55,427330.94705212367,1.4772832191382301,637.8198403767508,11,0.48371457926683514,0.10903459896635669,143,PriceSensitive
237,52,570494.2639519294,4.145641327913902,2199.9436011657203,5,0.1022047161951113,0.04428970344022174,38,Regular
238,40,569495.4935095282,2.2588303379907213,1210.7883481018198,6,0.5871804863402633,0.38241866380905165,163,PriceSensitive
239,34,676678.7728706991,3.7823313339059164,934.6205186643532,9,0.2991837281257891,0.06176923520885698,97,Regular
240,50,799964.849382059,1.7915186775211278,1764.9532536847905,8,0.2962032457623875,0.07906679290185581,144,Regular
241,25,388292.78360431816,4.035586577051676,1850.3886019886725,2,0.5825308371274427,0.1165317814233863,114,PriceSensitive
242,48,574998.1939360845,2.532081314831153,1383.8963012566314,4,0.228439416730287,0.211756541610515,48,Regular
243,22,896291.1095317947,1.960838419687374,2298.6191146007845,4,0.23851501473299574,0.35313022641363123,108,HighValue
244,51,451282.3542374872,4.356584163778879,994.6949001774558,11,0.35085162168296197,0.3042184090919468,50,Regular
245,50,435549.99654193595,3.7899734260121014,1555.8337507364647,8,0.07683156632867216,0.28326302153705407,22,Regular
246,22,640461.2383662388,2.7632278383285236,1449.0755190401997,5,0.19265137584711292,0.07007222714240147,46,Regular
247,57,768877.038097064,5.241414618825277,1772.0476377963964,9,0.11592499346707831,0.1430730526103897,50,Regular
248,39,602285.2111121318,2.971217094116309,1967.3185707883433,9,0.06197008746422976,0.19136197043467118,25,Regular
249,58,865792.1180873979,3.5385292087651217,1195.2642302258732,5,0.519686763798612,0.05897038139423434,5,PriceSensitive
250,20,771358.7965133054,3.8226961372143213,2234.5696064737367,5,0.3535986996764856,0.10937188085066901,169,Regular
